{
  "HTTP Request-2" : {
    "transaction" : "HTTP Request-2",
    "sampleCount" : 300,
    "errorCount" : 0,
    "errorPct" : 0.0,
    "meanResTime" : 1178.5400000000016,
    "medianResTime" : 1181.5,
    "minResTime" : 65.0,
    "maxResTime" : 3095.0,
    "pct1ResTime" : 1955.9,
    "pct2ResTime" : 2133.8,
    "pct3ResTime" : 2579.920000000002,
    "throughput" : 40.317161671818305,
    "receivedKBytesPerSec" : 33.11204391210859,
    "sentKBytesPerSec" : 5.630228631904314
  },
  "HTTP Request-1" : {
    "transaction" : "HTTP Request-1",
    "sampleCount" : 900,
    "errorCount" : 0,
    "errorPct" : 0.0,
    "meanResTime" : 1462.7344444444434,
    "medianResTime" : 1329.5,
    "minResTime" : 56.0,
    "maxResTime" : 3626.0,
    "pct1ResTime" : 2542.2,
    "pct2ResTime" : 2905.85,
    "pct3ResTime" : 3271.98,
    "throughput" : 67.91940230925968,
    "receivedKBytesPerSec" : 45.500693343898575,
    "sentKBytesPerSec" : 9.462729227982795
  },
  "Total" : {
    "transaction" : "Total",
    "sampleCount" : 3000,
    "errorCount" : 0,
    "errorPct" : 0.0,
    "meanResTime" : 2261.7640000000015,
    "medianResTime" : 1684.0,
    "minResTime" : 27.0,
    "maxResTime" : 7799.0,
    "pct1ResTime" : 4178.9000000000015,
    "pct2ResTime" : 6927.5999999999985,
    "pct3ResTime" : 7614.899999999998,
    "throughput" : 175.0291715285881,
    "receivedKBytesPerSec" : 137.63036026837807,
    "sentKBytesPerSec" : 38.32181665694282
  },
  "HTTP Request-0" : {
    "transaction" : "HTTP Request-0",
    "sampleCount" : 900,
    "errorCount" : 0,
    "errorPct" : 0.0,
    "meanResTime" : 1753.7166666666649,
    "medianResTime" : 1051.5,
    "minResTime" : 27.0,
    "maxResTime" : 7117.0,
    "pct1ResTime" : 3813.0,
    "pct2ResTime" : 3827.0,
    "pct3ResTime" : 3856.98,
    "throughput" : 53.46640527535199,
    "receivedKBytesPerSec" : 19.61479125824274,
    "sentKBytesPerSec" : 9.57243584031367
  },
  "HTTP Request" : {
    "transaction" : "HTTP Request",
    "sampleCount" : 900,
    "errorCount" : 0,
    "errorPct" : 0.0,
    "meanResTime" : 3929.9155555555603,
    "medianResTime" : 3098.0,
    "minResTime" : 160.0,
    "maxResTime" : 7799.0,
    "pct1ResTime" : 7332.9,
    "pct2ResTime" : 7517.799999999999,
    "pct3ResTime" : 7704.98,
    "throughput" : 52.50875145857643,
    "receivedKBytesPerSec" : 68.81518013418903,
    "sentKBytesPerSec" : 19.16090832847141
  }
}