{
  "HTTP Request-2" : {
    "transaction" : "HTTP Request-2",
    "sampleCount" : 300,
    "errorCount" : 0,
    "errorPct" : 0.0,
    "meanResTime" : 532.4333333333335,
    "medianResTime" : 394.5,
    "minResTime" : 3.0,
    "maxResTime" : 3184.0,
    "pct1ResTime" : 1461.000000000001,
    "pct2ResTime" : 1763.95,
    "pct3ResTime" : 2341.470000000001,
    "throughput" : 20.721094073767095,
    "receivedKBytesPerSec" : 17.018007925818484,
    "sentKBytesPerSec" : 2.8936684106920847
  },
  "HTTP Request-1" : {
    "transaction" : "HTTP Request-1",
    "sampleCount" : 900,
    "errorCount" : 0,
    "errorPct" : 0.0,
    "meanResTime" : 657.9855555555562,
    "medianResTime" : 518.5,
    "minResTime" : 4.0,
    "maxResTime" : 3543.0,
    "pct1ResTime" : 1617.7999999999995,
    "pct2ResTime" : 1917.85,
    "pct3ResTime" : 2843.3800000000015,
    "throughput" : 59.082255629226026,
    "receivedKBytesPerSec" : 39.5804954703604,
    "sentKBytesPerSec" : 8.231512177509355
  },
  "Total" : {
    "transaction" : "Total",
    "sampleCount" : 3000,
    "errorCount" : 0,
    "errorPct" : 0.0,
    "meanResTime" : 1158.889333333333,
    "medianResTime" : 671.5,
    "minResTime" : 3.0,
    "maxResTime" : 6597.0,
    "pct1ResTime" : 3074.7000000000003,
    "pct2ResTime" : 4288.549999999998,
    "pct3ResTime" : 4914.98,
    "throughput" : 174.06440382941688,
    "receivedKBytesPerSec" : 136.8717362924282,
    "sentKBytesPerSec" : 38.110585291557875
  },
  "HTTP Request-0" : {
    "transaction" : "HTTP Request-0",
    "sampleCount" : 900,
    "errorCount" : 0,
    "errorPct" : 0.0,
    "meanResTime" : 1061.4111111111104,
    "medianResTime" : 622.5,
    "minResTime" : 3.0,
    "maxResTime" : 5254.0,
    "pct1ResTime" : 2536.3999999999996,
    "pct2ResTime" : 2893.399999999999,
    "pct3ResTime" : 4138.240000000001,
    "throughput" : 52.27695167286245,
    "receivedKBytesPerSec" : 19.178425955506505,
    "sentKBytesPerSec" : 9.359480279972118
  },
  "HTTP Request" : {
    "transaction" : "HTTP Request",
    "sampleCount" : 900,
    "errorCount" : 0,
    "errorPct" : 0.0,
    "meanResTime" : 1966.0899999999983,
    "medianResTime" : 1407.5,
    "minResTime" : 20.0,
    "maxResTime" : 6597.0,
    "pct1ResTime" : 4580.7,
    "pct2ResTime" : 4787.599999999999,
    "pct3ResTime" : 5175.97,
    "throughput" : 52.21932114882506,
    "receivedKBytesPerSec" : 68.4358681462141,
    "sentKBytesPerSec" : 19.055292645778938
  }
}