{
  "HTTP Request-2" : {
    "transaction" : "HTTP Request-2",
    "sampleCount" : 300,
    "errorCount" : 0,
    "errorPct" : 0.0,
    "meanResTime" : 742.106666666667,
    "medianResTime" : 528.0,
    "minResTime" : 4.0,
    "maxResTime" : 2880.0,
    "pct1ResTime" : 1717.0000000000014,
    "pct2ResTime" : 1962.5499999999997,
    "pct3ResTime" : 2345.350000000002,
    "throughput" : 21.372088053002777,
    "receivedKBytesPerSec" : 17.5526621607181,
    "sentKBytesPerSec" : 2.984578702714255
  },
  "HTTP Request-1" : {
    "transaction" : "HTTP Request-1",
    "sampleCount" : 900,
    "errorCount" : 0,
    "errorPct" : 0.0,
    "meanResTime" : 744.3544444444445,
    "medianResTime" : 576.0,
    "minResTime" : 7.0,
    "maxResTime" : 2822.0,
    "pct1ResTime" : 1717.0,
    "pct2ResTime" : 2073.95,
    "pct3ResTime" : 2687.9,
    "throughput" : 58.78894767783657,
    "receivedKBytesPerSec" : 39.38400205761317,
    "sentKBytesPerSec" : 8.190647658240252
  },
  "Total" : {
    "transaction" : "Total",
    "sampleCount" : 3000,
    "errorCount" : 0,
    "errorPct" : 0.0,
    "meanResTime" : 1174.1010000000047,
    "medianResTime" : 838.5,
    "minResTime" : 4.0,
    "maxResTime" : 5535.0,
    "pct1ResTime" : 2422.8,
    "pct2ResTime" : 4736.849999999999,
    "pct3ResTime" : 4939.9299999999985,
    "throughput" : 177.64092846991946,
    "receivedKBytesPerSec" : 139.68405820701088,
    "sentKBytesPerSec" : 38.89364859663666
  },
  "HTTP Request-0" : {
    "transaction" : "HTTP Request-0",
    "sampleCount" : 900,
    "errorCount" : 0,
    "errorPct" : 0.0,
    "meanResTime" : 900.9188888888903,
    "medianResTime" : 801.5,
    "minResTime" : 4.0,
    "maxResTime" : 4470.0,
    "pct1ResTime" : 1938.9,
    "pct2ResTime" : 2209.6499999999996,
    "pct3ResTime" : 2892.5800000000004,
    "throughput" : 53.3301730267836,
    "receivedKBytesPerSec" : 19.56481282590661,
    "sentKBytesPerSec" : 9.548045301019199
  },
  "HTTP Request" : {
    "transaction" : "HTTP Request",
    "sampleCount" : 900,
    "errorCount" : 0,
    "errorPct" : 0.0,
    "meanResTime" : 2021.027777777784,
    "medianResTime" : 1789.0,
    "minResTime" : 17.0,
    "maxResTime" : 5535.0,
    "pct1ResTime" : 4816.0,
    "pct2ResTime" : 4877.7,
    "pct3ResTime" : 4988.95,
    "throughput" : 53.292278540975836,
    "receivedKBytesPerSec" : 69.84202910350544,
    "sentKBytesPerSec" : 19.44682429831833
  }
}