{
  "HTTP Request-2" : {
    "transaction" : "HTTP Request-2",
    "sampleCount" : 300,
    "errorCount" : 0,
    "errorPct" : 0.0,
    "meanResTime" : 946.9066666666666,
    "medianResTime" : 857.5,
    "minResTime" : 8.0,
    "maxResTime" : 6375.0,
    "pct1ResTime" : 2067.5,
    "pct2ResTime" : 2194.0499999999997,
    "pct3ResTime" : 3780.1500000000015,
    "throughput" : 21.551724137931036,
    "receivedKBytesPerSec" : 17.7001953125,
    "sentKBytesPerSec" : 3.0096646012931036
  },
  "HTTP Request-1" : {
    "transaction" : "HTTP Request-1",
    "sampleCount" : 900,
    "errorCount" : 0,
    "errorPct" : 0.0,
    "meanResTime" : 617.737777777778,
    "medianResTime" : 543.5,
    "minResTime" : 4.0,
    "maxResTime" : 3194.0,
    "pct1ResTime" : 1248.8,
    "pct2ResTime" : 1441.9499999999998,
    "pct3ResTime" : 2226.100000000001,
    "throughput" : 61.78772483866538,
    "receivedKBytesPerSec" : 41.392948475902784,
    "sentKBytesPerSec" : 8.608446038720308
  },
  "Total" : {
    "transaction" : "Total",
    "sampleCount" : 3000,
    "errorCount" : 0,
    "errorPct" : 0.0,
    "meanResTime" : 1358.4679999999971,
    "medianResTime" : 887.5,
    "minResTime" : 4.0,
    "maxResTime" : 10501.0,
    "pct1ResTime" : 2959.2000000000007,
    "pct2ResTime" : 5382.95,
    "pct3ResTime" : 6215.98,
    "throughput" : 175.11090357226243,
    "receivedKBytesPerSec" : 137.6946284730329,
    "sentKBytesPerSec" : 38.33971150478636
  },
  "HTTP Request-0" : {
    "transaction" : "HTTP Request-0",
    "sampleCount" : 900,
    "errorCount" : 0,
    "errorPct" : 0.0,
    "meanResTime" : 1124.2199999999996,
    "medianResTime" : 831.5,
    "minResTime" : 4.0,
    "maxResTime" : 6599.0,
    "pct1ResTime" : 2413.6,
    "pct2ResTime" : 2778.7999999999997,
    "pct3ResTime" : 4273.500000000002,
    "throughput" : 52.56702295426669,
    "receivedKBytesPerSec" : 19.284842079901875,
    "sentKBytesPerSec" : 9.411413614858946
  },
  "HTTP Request" : {
    "transaction" : "HTTP Request",
    "sampleCount" : 900,
    "errorCount" : 0,
    "errorPct" : 0.0,
    "meanResTime" : 2470.6333333333346,
    "medianResTime" : 1791.5,
    "minResTime" : 8.0,
    "maxResTime" : 10501.0,
    "pct1ResTime" : 5680.0,
    "pct2ResTime" : 6097.599999999999,
    "pct3ResTime" : 6478.88,
    "throughput" : 52.53327107167873,
    "receivedKBytesPerSec" : 68.84731423651645,
    "sentKBytesPerSec" : 19.16985575239318
  }
}