{
  "HTTP Request-2" : {
    "transaction" : "HTTP Request-2",
    "sampleCount" : 300,
    "errorCount" : 0,
    "errorPct" : 0.0,
    "meanResTime" : 976.486666666667,
    "medianResTime" : 1001.5,
    "minResTime" : 14.0,
    "maxResTime" : 3118.0,
    "pct1ResTime" : 1839.7,
    "pct2ResTime" : 1961.4499999999998,
    "pct3ResTime" : 2086.7400000000002,
    "throughput" : 22.299858767561137,
    "receivedKBytesPerSec" : 18.314630101092693,
    "sentKBytesPerSec" : 3.1141404333605887
  },
  "HTTP Request-1" : {
    "transaction" : "HTTP Request-1",
    "sampleCount" : 900,
    "errorCount" : 0,
    "errorPct" : 0.0,
    "meanResTime" : 713.8277777777779,
    "medianResTime" : 561.5,
    "minResTime" : 5.0,
    "maxResTime" : 3748.0,
    "pct1ResTime" : 1548.9,
    "pct2ResTime" : 2047.8999999999999,
    "pct3ResTime" : 2791.8900000000003,
    "throughput" : 61.987740202493285,
    "receivedKBytesPerSec" : 41.52694314346718,
    "sentKBytesPerSec" : 8.636312762586956
  },
  "Total" : {
    "transaction" : "Total",
    "sampleCount" : 3000,
    "errorCount" : 0,
    "errorPct" : 0.0,
    "meanResTime" : 1462.370666666666,
    "medianResTime" : 930.5,
    "minResTime" : 5.0,
    "maxResTime" : 6867.0,
    "pct1ResTime" : 3204.9,
    "pct2ResTime" : 5662.0,
    "pct3ResTime" : 5733.99,
    "throughput" : 173.91304347826087,
    "receivedKBytesPerSec" : 136.75271739130434,
    "sentKBytesPerSec" : 38.077445652173914
  },
  "HTTP Request-0" : {
    "transaction" : "HTTP Request-0",
    "sampleCount" : 900,
    "errorCount" : 0,
    "errorPct" : 0.0,
    "meanResTime" : 1247.7333333333327,
    "medianResTime" : 868.5,
    "minResTime" : 12.0,
    "maxResTime" : 5472.0,
    "pct1ResTime" : 2698.0,
    "pct2ResTime" : 2709.0,
    "pct3ResTime" : 3064.9700000000003,
    "throughput" : 52.20114842526535,
    "receivedKBytesPerSec" : 19.150616626065773,
    "sentKBytesPerSec" : 9.34590873499217
  },
  "HTTP Request" : {
    "transaction" : "HTTP Request",
    "sampleCount" : 900,
    "errorCount" : 0,
    "errorPct" : 0.0,
    "meanResTime" : 2587.512222222219,
    "medianResTime" : 2120.0,
    "minResTime" : 38.0,
    "maxResTime" : 6867.0,
    "pct1ResTime" : 5707.9,
    "pct2ResTime" : 5727.95,
    "pct3ResTime" : 5767.95,
    "throughput" : 52.17391304347826,
    "receivedKBytesPerSec" : 68.37635869565217,
    "sentKBytesPerSec" : 19.038722826086957
  }
}