{
  "HTTP Request-2" : {
    "transaction" : "HTTP Request-2",
    "sampleCount" : 300,
    "errorCount" : 0,
    "errorPct" : 0.0,
    "meanResTime" : 963.6633333333328,
    "medianResTime" : 980.5,
    "minResTime" : 10.0,
    "maxResTime" : 2257.0,
    "pct1ResTime" : 1863.6000000000008,
    "pct2ResTime" : 1998.75,
    "pct3ResTime" : 2232.84,
    "throughput" : 5.075798592311857,
    "receivedKBytesPerSec" : 4.168697867318625,
    "sentKBytesPerSec" : 0.7088273424810504
  },
  "HTTP Request-1" : {
    "transaction" : "HTTP Request-1",
    "sampleCount" : 900,
    "errorCount" : 0,
    "errorPct" : 0.0,
    "meanResTime" : 799.5222222222224,
    "medianResTime" : 732.0,
    "minResTime" : 7.0,
    "maxResTime" : 4200.0,
    "pct1ResTime" : 1549.6,
    "pct2ResTime" : 1784.8999999999999,
    "pct3ResTime" : 2186.8100000000004,
    "throughput" : 14.660129334918798,
    "receivedKBytesPerSec" : 9.821141331791305,
    "sentKBytesPerSec" : 2.0424919776514474
  },
  "Total" : {
    "transaction" : "Total",
    "sampleCount" : 3000,
    "errorCount" : 0,
    "errorPct" : 0.0,
    "meanResTime" : 3672.650666666665,
    "medianResTime" : 1085.5,
    "minResTime" : 7.0,
    "maxResTime" : 63556.0,
    "pct1ResTime" : 5840.800000000003,
    "pct2ResTime" : 6702.0,
    "pct3ResTime" : 62910.96,
    "throughput" : 46.30558599719079,
    "receivedKBytesPerSec" : 36.41138461419729,
    "sentKBytesPerSec" : 10.138390996650562
  },
  "HTTP Request-0" : {
    "transaction" : "HTTP Request-0",
    "sampleCount" : 900,
    "errorCount" : 0,
    "errorPct" : 0.0,
    "meanResTime" : 4882.42222222222,
    "medianResTime" : 999.0,
    "minResTime" : 12.0,
    "maxResTime" : 62775.0,
    "pct1ResTime" : 3297.8,
    "pct2ResTime" : 61553.399999999994,
    "pct3ResTime" : 62456.5,
    "throughput" : 13.9047677903779,
    "receivedKBytesPerSec" : 5.101130631430955,
    "sentKBytesPerSec" : 2.4894603791366685
  },
  "HTTP Request" : {
    "transaction" : "HTTP Request",
    "sampleCount" : 900,
    "errorCount" : 0,
    "errorPct" : 0.0,
    "meanResTime" : 6239.003333333341,
    "medianResTime" : 2226.0,
    "minResTime" : 37.0,
    "maxResTime" : 63556.0,
    "pct1ResTime" : 6699.9,
    "pct2ResTime" : 62276.65,
    "pct3ResTime" : 63427.16,
    "throughput" : 13.891675799157237,
    "receivedKBytesPerSec" : 18.205692307098644,
    "sentKBytesPerSec" : 5.069195498325281
  }
}