{
  "HTTP Request-2" : {
    "transaction" : "HTTP Request-2",
    "sampleCount" : 300,
    "errorCount" : 0,
    "errorPct" : 0.0,
    "meanResTime" : 893.9733333333337,
    "medianResTime" : 867.5,
    "minResTime" : 6.0,
    "maxResTime" : 3771.0,
    "pct1ResTime" : 1667.7,
    "pct2ResTime" : 1834.3999999999999,
    "pct3ResTime" : 2211.94,
    "throughput" : 19.77587343441002,
    "receivedKBytesPerSec" : 16.241708553065262,
    "sentKBytesPerSec" : 2.761669825313118
  },
  "HTTP Request-1" : {
    "transaction" : "HTTP Request-1",
    "sampleCount" : 900,
    "errorCount" : 0,
    "errorPct" : 0.0,
    "meanResTime" : 1312.305555555557,
    "medianResTime" : 1220.5,
    "minResTime" : 12.0,
    "maxResTime" : 5031.0,
    "pct1ResTime" : 2436.7,
    "pct2ResTime" : 2790.7999999999997,
    "pct3ResTime" : 3280.96,
    "throughput" : 54.525627044711015,
    "receivedKBytesPerSec" : 36.52791030534351,
    "sentKBytesPerSec" : 7.5966693929480185
  },
  "Total" : {
    "transaction" : "Total",
    "sampleCount" : 3000,
    "errorCount" : 0,
    "errorPct" : 0.0,
    "meanResTime" : 2194.456666666677,
    "medianResTime" : 1630.0,
    "minResTime" : 6.0,
    "maxResTime" : 9396.0,
    "pct1ResTime" : 3960.9,
    "pct2ResTime" : 7055.799999999999,
    "pct3ResTime" : 7972.99,
    "throughput" : 147.4346373107922,
    "receivedKBytesPerSec" : 115.9320019166503,
    "sentKBytesPerSec" : 32.28012273933556
  },
  "HTTP Request-0" : {
    "transaction" : "HTTP Request-0",
    "sampleCount" : 900,
    "errorCount" : 0,
    "errorPct" : 0.0,
    "meanResTime" : 1840.4011111111124,
    "medianResTime" : 1478.0,
    "minResTime" : 20.0,
    "maxResTime" : 5599.0,
    "pct1ResTime" : 3773.0,
    "pct2ResTime" : 3788.0,
    "pct3ResTime" : 3807.99,
    "throughput" : 44.29133858267716,
    "receivedKBytesPerSec" : 16.24880813238189,
    "sentKBytesPerSec" : 7.929764394685039
  },
  "HTTP Request" : {
    "transaction" : "HTTP Request",
    "sampleCount" : 900,
    "errorCount" : 0,
    "errorPct" : 0.0,
    "meanResTime" : 3864.1577777777775,
    "medianResTime" : 3358.5,
    "minResTime" : 38.0,
    "maxResTime" : 9396.0,
    "pct1ResTime" : 7408.9,
    "pct2ResTime" : 7851.0999999999985,
    "pct3ResTime" : 8110.88,
    "throughput" : 44.230391193237665,
    "receivedKBytesPerSec" : 57.96600095832515,
    "sentKBytesPerSec" : 16.14006136966778
  }
}