{
  "HTTP Request-2" : {
    "transaction" : "HTTP Request-2",
    "sampleCount" : 300,
    "errorCount" : 0,
    "errorPct" : 0.0,
    "meanResTime" : 2556.6633333333352,
    "medianResTime" : 2498.0,
    "minResTime" : 11.0,
    "maxResTime" : 17647.0,
    "pct1ResTime" : 4471.500000000002,
    "pct2ResTime" : 5728.0,
    "pct3ResTime" : 9444.180000000006,
    "throughput" : 3.825945008417079,
    "receivedKBytesPerSec" : 3.142206789139417,
    "sentKBytesPerSec" : 0.5342872423863694
  },
  "HTTP Request-1" : {
    "transaction" : "HTTP Request-1",
    "sampleCount" : 900,
    "errorCount" : 0,
    "errorPct" : 0.0,
    "meanResTime" : 20131.253333333352,
    "medianResTime" : 1322.0,
    "minResTime" : 5.0,
    "maxResTime" : 70892.0,
    "pct1ResTime" : 63146.8,
    "pct2ResTime" : 63710.1,
    "pct3ResTime" : 64757.65,
    "throughput" : 10.989413531631195,
    "receivedKBytesPerSec" : 7.362048518260742,
    "sentKBytesPerSec" : 1.531077145682992
  },
  "Total" : {
    "transaction" : "Total",
    "sampleCount" : 3000,
    "errorCount" : 0,
    "errorPct" : 0.0,
    "meanResTime" : 13616.911000000016,
    "medianResTime" : 2128.5,
    "minResTime" : 5.0,
    "maxResTime" : 83935.0,
    "pct1ResTime" : 63615.100000000006,
    "pct2ResTime" : 67143.49999999999,
    "pct3ResTime" : 70834.37999999999,
    "throughput" : 35.70450947954726,
    "receivedKBytesPerSec" : 28.07545999309713,
    "sentKBytesPerSec" : 7.817334985658689
  },
  "HTTP Request-0" : {
    "transaction" : "HTTP Request-0",
    "sampleCount" : 900,
    "errorCount" : 0,
    "errorPct" : 0.0,
    "meanResTime" : 1666.2844444444456,
    "medianResTime" : 1524.0,
    "minResTime" : 8.0,
    "maxResTime" : 7587.0,
    "pct1ResTime" : 3268.3999999999996,
    "pct2ResTime" : 3516.8999999999996,
    "pct3ResTime" : 4828.670000000001,
    "throughput" : 10.712372790573111,
    "receivedKBytesPerSec" : 3.9299622835208,
    "sentKBytesPerSec" : 1.9179052847705766
  },
  "HTTP Request" : {
    "transaction" : "HTTP Request",
    "sampleCount" : 900,
    "errorCount" : 0,
    "errorPct" : 0.0,
    "meanResTime" : 22739.944444444467,
    "medianResTime" : 3254.0,
    "minResTime" : 16.0,
    "maxResTime" : 83935.0,
    "pct1ResTime" : 68760.0,
    "pct2ResTime" : 69988.25,
    "pct3ResTime" : 74365.25000000001,
    "throughput" : 10.71135284386418,
    "receivedKBytesPerSec" : 14.037729996548565,
    "sentKBytesPerSec" : 3.9086674928293443
  }
}