{
  "HTTP Request-2" : {
    "transaction" : "HTTP Request-2",
    "sampleCount" : 300,
    "errorCount" : 0,
    "errorPct" : 0.0,
    "meanResTime" : 721.9799999999998,
    "medianResTime" : 736.5,
    "minResTime" : 14.0,
    "maxResTime" : 3612.0,
    "pct1ResTime" : 1357.3000000000002,
    "pct2ResTime" : 1456.2999999999997,
    "pct3ResTime" : 1761.7100000000003,
    "throughput" : 22.102703897443455,
    "receivedKBytesPerSec" : 18.15270896264643,
    "sentKBytesPerSec" : 3.0866080638031383
  },
  "HTTP Request-1" : {
    "transaction" : "HTTP Request-1",
    "sampleCount" : 900,
    "errorCount" : 0,
    "errorPct" : 0.0,
    "meanResTime" : 886.8466666666668,
    "medianResTime" : 889.5,
    "minResTime" : 7.0,
    "maxResTime" : 5746.0,
    "pct1ResTime" : 1793.0,
    "pct2ResTime" : 2089.1499999999987,
    "pct3ResTime" : 2660.3100000000004,
    "throughput" : 61.29955046996322,
    "receivedKBytesPerSec" : 41.06590978749489,
    "sentKBytesPerSec" : 8.540432161830813
  },
  "Total" : {
    "transaction" : "Total",
    "sampleCount" : 3000,
    "errorCount" : 0,
    "errorPct" : 0.0,
    "meanResTime" : 1407.9403333333344,
    "medianResTime" : 1183.0,
    "minResTime" : 7.0,
    "maxResTime" : 5918.0,
    "pct1ResTime" : 3048.9,
    "pct2ResTime" : 4209.349999999998,
    "pct3ResTime" : 4637.919999999998,
    "throughput" : 182.50395425234214,
    "receivedKBytesPerSec" : 143.50799215233,
    "sentKBytesPerSec" : 39.95838529626476
  },
  "HTTP Request-0" : {
    "transaction" : "HTTP Request-0",
    "sampleCount" : 900,
    "errorCount" : 0,
    "errorPct" : 0.0,
    "meanResTime" : 1165.6288888888905,
    "medianResTime" : 1218.5,
    "minResTime" : 8.0,
    "maxResTime" : 3409.0,
    "pct1ResTime" : 2287.7,
    "pct2ResTime" : 2465.7,
    "pct3ResTime" : 2850.8,
    "throughput" : 54.82456140350877,
    "receivedKBytesPerSec" : 20.113047103435672,
    "sentKBytesPerSec" : 9.815595303362572
  },
  "HTTP Request" : {
    "transaction" : "HTTP Request",
    "sampleCount" : 900,
    "errorCount" : 0,
    "errorPct" : 0.0,
    "meanResTime" : 2399.998888888886,
    "medianResTime" : 2484.5,
    "minResTime" : 24.0,
    "maxResTime" : 5918.0,
    "pct1ResTime" : 4445.0,
    "pct2ResTime" : 4579.65,
    "pct3ResTime" : 4714.96,
    "throughput" : 54.75118627570264,
    "receivedKBytesPerSec" : 71.753996076165,
    "sentKBytesPerSec" : 19.97919264813238
  }
}