{
  "HTTP Request-2" : {
    "transaction" : "HTTP Request-2",
    "sampleCount" : 300,
    "errorCount" : 0,
    "errorPct" : 0.0,
    "meanResTime" : 1160.9766666666676,
    "medianResTime" : 1265.5,
    "minResTime" : 4.0,
    "maxResTime" : 3753.0,
    "pct1ResTime" : 2198.1000000000004,
    "pct2ResTime" : 2349.7,
    "pct3ResTime" : 2738.980000000001,
    "throughput" : 16.103059581320448,
    "receivedKBytesPerSec" : 13.225266706924316,
    "sentKBytesPerSec" : 2.2487671095008053
  },
  "HTTP Request-1" : {
    "transaction" : "HTTP Request-1",
    "sampleCount" : 900,
    "errorCount" : 0,
    "errorPct" : 0.0,
    "meanResTime" : 1123.4666666666674,
    "medianResTime" : 852.0,
    "minResTime" : 3.0,
    "maxResTime" : 5918.0,
    "pct1ResTime" : 2742.0,
    "pct2ResTime" : 3171.5499999999993,
    "pct3ResTime" : 4709.98,
    "throughput" : 43.84469235640863,
    "receivedKBytesPerSec" : 29.37251851220344,
    "sentKBytesPerSec" : 6.108570419447557
  },
  "Total" : {
    "transaction" : "Total",
    "sampleCount" : 3000,
    "errorCount" : 0,
    "errorPct" : 0.0,
    "meanResTime" : 2007.9333333333336,
    "medianResTime" : 1323.0,
    "minResTime" : 3.0,
    "maxResTime" : 8540.0,
    "pct1ResTime" : 4396.400000000001,
    "pct2ResTime" : 7798.95,
    "pct3ResTime" : 8005.969999999999,
    "throughput" : 123.94133443503408,
    "receivedKBytesPerSec" : 97.4585571162983,
    "sentKBytesPerSec" : 27.13637419954555
  },
  "HTTP Request-0" : {
    "transaction" : "HTTP Request-0",
    "sampleCount" : 900,
    "errorCount" : 0,
    "errorPct" : 0.0,
    "meanResTime" : 1604.721111111111,
    "medianResTime" : 858.0,
    "minResTime" : 14.0,
    "maxResTime" : 4661.0,
    "pct1ResTime" : 4148.799999999999,
    "pct2ResTime" : 4308.849999999999,
    "pct3ResTime" : 4449.89,
    "throughput" : 37.20699491504403,
    "receivedKBytesPerSec" : 13.649831793377155,
    "sentKBytesPerSec" : 6.661408594815826
  },
  "HTTP Request" : {
    "transaction" : "HTTP Request",
    "sampleCount" : 900,
    "errorCount" : 0,
    "errorPct" : 0.0,
    "meanResTime" : 3577.931111111113,
    "medianResTime" : 3194.5,
    "minResTime" : 37.0,
    "maxResTime" : 8540.0,
    "pct1ResTime" : 7829.0,
    "pct2ResTime" : 7865.849999999999,
    "pct3ResTime" : 8167.74,
    "throughput" : 37.18240033051023,
    "receivedKBytesPerSec" : 48.72927855814915,
    "sentKBytesPerSec" : 13.568187099772775
  }
}